Dispatch,Order Id,Uncovered tracking IDs,Was pointed at DN
5145,OD338358511896715100,FMPC6457593233,1508264521
4925,OD338358564219691100,FMPC6453929343,1508264522
4598,OD338451009237853100,FMPC6454020115,1508264521
4471,OD338451648033787100,FMPP4250886873,1508264521
5104,OD338453569233328100,FMPP4253236170,1509264503
4338,OD338454870324802100,FMPP4250834140,1508264521
4474,OD338457050374205100,FMPP4250802610,1508264521
4299,OD338457052185968100,FMPP4250822237,1508264521
4302,OD338457521891165100,FMPP4250852386,1508264521
4482,OD338457649527241100,FMPP4250779148,1508264522
5126,OD338457781258896100,FMPP4253159881,1509264503
4315,OD338460484163242100,FMPC6454885790,1508264521
4336,OD338464508263351100,FMPC6454885781,1508264521
4655,OD338466950042749100,FMPC6441109739,1508264524
4602,OD338467266890744100,FMPP4250791554,1508264521
5069,OD338471689717063100,FMPP4253155292,1509264503
4980,OD338477674070855100,FMPP4253200882 FMPP4253206385,1509264503
5050,OD338482661347097100,FMPC6458396815,1509264503
5173,OD338483834110361100,FMPC6458645351,1509264503
5120,OD438373652811283100,FMPP4253189251,1509264503
4915,OD438380788347607100,FMPP4249347839,1508264521
4339,OD438400003923022100,FMPC6454131440,1508264521
4371,OD438427323108335100,FMPP4250031244,1508264521
4916,OD438433523867167100,FMPP4249328028,1508264521
5099,OD438448139389090100,FMPP4253117745,1509264503
4917,OD438450267352337100,FMPP4249328162,1508264521
4470,OD438451018420929100,FMPP4250031090,1508264521
4460,OD438451665118641100,FMPP4250842009,1508264521
4469,OD438452775615071100,FMPP4250894366,1508264521
4452,OD438453025108033100,FMPP4239826703,1508264524
4318,OD438457317582601100,FMPP4250886396,1508264521
4309,OD438458534456781100,FMPP4250785031,1508264521
4766,OD438460159603782100,FMPC6455340435,1508264521
4599,OD438461089819148100,FMPP4250845590,1508264521
4476,OD438462099826817100,FMPP4250901095,1508264521
4472,OD438462706839627100,FMPP4250027127,1508264524
4904,OD438462706839627100,FMPP4250010345,1508264524
5168,OD438479423925833100,FMPP4253164967,1509264503
